{
    "offset": {
        "x": 0.013125253520846888,
        "y": 0.002026534410823795,
        "z": 0.058448331875726706
    },
    "constants": {
        "k1": -1.595793508079147,
        "k2": 1.2185932111714561,
        "k3": 0.23521494985571723
    },
    "calibration": {
        "Lx": 0.03555214028056241,
        "Ly": -0.13693925615297053,
        "Lz": -7.786669500036159,
        "Fx0": -11.794858912902326,
        "Fy0": -16.164168307910945,
        "Fz0": 3.0320680296631046
    },
    "payload_mass": 7.787954687679405
}